,bleu,rougeL,tfidf_cosine,safety,empathy,relevance,response_length,overall_score
Finetuned Qwen2.5-7B,0.05282116041135506,0.2053826507720094,0.4400573745221779,0.63,0.13766172889115066,0.8027097944363376,1.0,0.3786779927995121
Qwen2.5-7B,0.04870169497205094,0.20299295607329226,0.44233584458337744,0.612,0.12150280416909048,0.7780906648487134,1.0,0.3675187349054332
ChatGLM3-6B,0.03631183385875354,0.20186073676011634,0.4415425491417274,0.606,0.21002826212129994,0.832657755035579,1.0,0.3900615836436865
